"time","sd","t2m"
1950-01-01,12.1303163468838,-4.82114257812498
1950-02-01,10.4379020631313,0.315820312500023
1950-03-01,3.37262568064034,2.67031250000002
1950-04-01,0.0688546570017934,5.55056152343752
1950-05-01,-7.1468416639166e-22,12.9399658203125
1950-06-01,-7.14684117087854e-22,16.793603515625
1950-07-01,-7.31476845696326e-22,18.146875
1950-08-01,-7.34536492021033e-22,17.3332763671875
1950-09-01,-7.34536492021033e-22,11.989892578125
1950-10-01,2.34871613793075,6.00344238281252
1950-11-01,5.76788559556007,1.87917480468752
1950-12-01,13.9823285862803,-3.92893066406248
1951-01-01,46.7614121735096,-1.37900390624998
1951-02-01,56.2584884464741,-1.14291992187498
1951-03-01,20.6628516316414,0.540551757812523
1951-04-01,0.0760070979595184,5.63308105468752
1951-05-01,-5.82335295993308e-22,10.5715576171875
1951-06-01,-6.65926498080793e-22,14.716455078125
1951-07-01,-7.30391718217388e-22,16.894677734375
1951-08-01,-7.34536492021033e-22,17.32900390625
1951-09-01,-7.34536492021033e-22,14.062646484375
1951-10-01,-7.34536541324839e-22,6.14394531250002
1951-11-01,0.401209108531475,4.11318359375002
1951-12-01,4.80889808386564,-0.289160156249977
1952-01-01,16.9039908796549,-2.77634277343748
1952-02-01,55.6808672845364,-2.88107910156248
1952-03-01,24.9600578099489,0.0241943359375227
1952-04-01,1.11845100764185,9.09584960937502
1952-05-01,-7.09836764040497e-22,11.0913330078125
1952-06-01,-7.15290751123969e-22,14.514794921875
1952-07-01,-7.32330689018615e-22,18.3098388671875
1952-08-01,-7.34536492021033e-22,18.4758544921875
1952-09-01,-7.34536541324839e-22,9.82290039062502
1952-10-01,0.0350909540429711,5.85878906250002
1952-11-01,14.0087641775608,-1.26267089843748
1952-12-01,32.9446904361248,-4.35312499999998
1953-01-01,78.5294473171234,-4.12558593749998
1953-02-01,94.5625677704811,-2.82163085937498
1953-03-01,18.0722624063492,2.25625000000002
1953-04-01,0.0319462269544601,7.76101074218752
1953-05-01,0.617478042840958,11.8626953125
1953-06-01,-7.34536541324839e-22,15.452294921875
1953-07-01,-7.34536492021033e-22,17.286767578125
1953-08-01,-7.34536492021033e-22,15.7229248046875
1953-09-01,-7.34536492021033e-22,13.3545166015625
1953-10-01,-7.34536541324839e-22,9.23732910156252
1953-11-01,0.00505478237755597,2.31423339843752
1953-12-01,3.14717786386609,0.278833007812523
1954-01-01,33.6566679179668,-7.34750976562498
1954-02-01,34.8509401082993,-6.99350585937498
1954-03-01,5.73872216045856,2.98525390625002
1954-04-01,0.858262181282043,4.14333496093752
1954-05-01,-7.34536541324839e-22,10.47353515625
1954-06-01,-7.34536492021033e-22,15.334619140625
1954-07-01,-7.34536541324839e-22,13.2707763671875
1954-08-01,-7.34536492021033e-22,15.227685546875
1954-09-01,0.00133494177134708,12.5454345703125
1954-10-01,0.0092493137344718,7.97670898437502
1954-11-01,1.63359940052032,1.29470214843752
1954-12-01,6.51616416871548,0.531152343750023
1955-01-01,8.0264825373888,-4.18063964843748
1955-02-01,22.1602246165276,-4.93039550781248
1955-03-01,31.6654928028584,-1.88864746093748
1955-04-01,0.460879935417324,4.82216796875002
1955-05-01,0.00610370625508949,9.53908691406252
1955-06-01,-7.34536492021033e-22,13.728173828125
1955-07-01,-7.34536492021033e-22,16.2031494140625
1955-08-01,-7.34536492021033e-22,15.5207763671875
1955-09-01,-7.34536492021033e-22,12.2414794921875
1955-10-01,0.104042235761881,6.70327148437502
1955-11-01,4.32334607467055,1.52871093750002
1955-12-01,5.28061995282769,-0.250830078124977
1956-01-01,16.0866342484951,-3.25253906249998
1956-02-01,29.1940048336983,-12.9330810546875
1956-03-01,12.8193041309714,0.00295410156252274
1956-04-01,1.73661136068404,4.51931152343752
1956-05-01,-7.34536541324839e-22,11.4050537109375
1956-06-01,-7.34536541324839e-22,12.62197265625
1956-07-01,-7.34536492021033e-22,16.2016845703125
1956-08-01,-7.34536492021033e-22,13.788720703125
1956-09-01,-7.34536492021033e-22,12.9033447265625
1956-10-01,0.334932003170252,6.85170898437502
1956-11-01,1.51175609789789,0.342919921875023
1956-12-01,4.15378995239735,-1.04355468749998
1957-01-01,10.1539846509695,-3.63498535156248
1957-02-01,4.98846778646111,1.60988769531252
1957-03-01,2.61549698188901,4.67409667968752
1957-04-01,0.324435299262404,6.27932128906252
1957-05-01,0.244135095272213,8.65114746093752
1957-06-01,-7.34536492021033e-22,15.9524169921875
1957-07-01,-7.34536492021033e-22,16.9267822265625
1957-08-01,-7.34536492021033e-22,13.9927001953125
1957-09-01,-7.34536541324839e-22,10.6738525390625
1957-10-01,-7.34536541324839e-22,7.61062011718752
1957-11-01,0.0999416442937218,2.92580566406252
1957-12-01,10.9742479398847,-2.67429199218748
1958-01-01,50.8180558681488,-3.41110839843748
1958-02-01,39.2236486077309,-0.303564453124977
1958-03-01,45.7559451460838,-3.87180175781248
1958-04-01,3.55361122637987,3.69411621093752
1958-05-01,0.000190921127796173,12.9624267578125
1958-06-01,-7.34536492021033e-22,13.4272705078125
1958-07-01,-7.34536492021033e-22,16.3154541015625
1958-08-01,-7.34536492021033e-22,16.1572509765625
1958-09-01,-7.34536492021033e-22,13.2383056640625
1958-10-01,0.0382382422685623,7.47927246093752
1958-11-01,0.0724787241779268,3.42727050781252
1958-12-01,10.9061067923903,-0.220434570312477
1959-01-01,15.5215980485082,-2.56882324218748
1959-02-01,10.5642937123775,-2.74167480468748
1959-03-01,0.321667641401291,4.55935058593752
1959-04-01,0.184528471436352,8.15627441406252
1959-05-01,-7.34536541324839e-22,11.9240966796875
1959-06-01,-7.34536492021033e-22,15.059228515625
1959-07-01,-7.34536492021033e-22,18.0910888671875
1959-08-01,-7.34536492021033e-22,16.3447509765625
1959-09-01,-7.34536492021033e-22,12.5110107421875
1959-10-01,0.197699439013377,6.59938964843752
1959-11-01,1.46826729178429,1.80239257812502
1959-12-01,4.57078032195568,0.677514648437523
1960-01-01,17.2145627439022,-3.46530761718748
1960-02-01,33.0494493246078,-3.30576171874998
1960-03-01,2.05201492644846,2.74514160156252
1960-04-01,0.410160049796104,6.35659179687502
1960-05-01,0.0371908536180854,11.467919921875
1960-06-01,-7.34536492021033e-22,15.432763671875
1960-07-01,-7.34536492021033e-22,14.6509033203125
1960-08-01,-7.34536492021033e-22,15.3559814453125
1960-09-01,-7.34536492021033e-22,11.927880859375
1960-10-01,0.036714831367135,7.64125976562502
1960-11-01,0.108427950181067,4.14296875000002
1960-12-01,16.1150917410851,-1.27854003906248
1961-01-01,54.1143864393234,-3.99741210937498
1961-02-01,28.4894071519375,1.53981933593752
1961-03-01,1.36886793188751,4.66396484375002
1961-04-01,0.00610281131230295,10.4428955078125
1961-05-01,0.000190633727470413,9.18813476562502
1961-06-01,-7.34536492021033e-22,14.914208984375
1961-07-01,-7.34536492021033e-22,14.338525390625
1961-08-01,-7.34536492021033e-22,14.903466796875
1961-09-01,-7.34536492021033e-22,15.724755859375
1961-10-01,-7.34536541324839e-22,9.46755371093752
1961-11-01,0.753664411604404,2.11318359375002
1961-12-01,5.52210491150618,-2.84152832031248
1962-01-01,8.12897086143494,-0.860571289062477
1962-02-01,26.1528454720974,-2.73044433593748
1962-03-01,32.1547910571098,-2.74204101562498
1962-04-01,0.400245189666748,7.26906738281252
1962-05-01,0.255384133197367,8.65529785156252
1962-06-01,-7.34536541324839e-22,12.954736328125
1962-07-01,-7.34536492021033e-22,14.1994873046875
1962-08-01,-7.34536492021033e-22,16.004541015625
1962-09-01,-7.34536492021033e-22,11.719873046875
1962-10-01,0.0258437357842922,7.73977050781252
1962-11-01,4.9173473380506,1.10854492187502
1962-12-01,41.440948843956,-7.31125488281248
1963-01-01,83.0663740634918,-9.80502929687498
1963-02-01,104.232519865036,-8.16831054687498
1963-03-01,56.2478639185429,0.307153320312523
1963-04-01,0.310957431793213,7.36892089843752
1963-05-01,-7.34536541324839e-22,10.956689453125
1963-06-01,-7.34536492021033e-22,14.78310546875
1963-07-01,-7.34536492021033e-22,17.0302978515625
1963-08-01,-7.34536492021033e-22,15.3049560546875
1963-09-01,-7.34536541324839e-22,13.22109375
1963-10-01,-7.34536492021033e-22,6.95656738281252
1963-11-01,0.0922142062336206,5.83291015625002
1963-12-01,1.97846023365855,-4.87119140624998
1964-01-01,23.0973102152348,-6.07993164062498
1964-02-01,36.7341414093971,-3.45603027343748
1964-03-01,11.4827621728182,-1.32016601562498
1964-04-01,0.277508981525898,7.33205566406252
1964-05-01,-7.34536541324839e-22,12.242822265625
1964-06-01,-7.34536492021033e-22,16.4299560546875
1964-07-01,-7.34536492021033e-22,17.51552734375
1964-08-01,-7.34536492021033e-22,15.209619140625
1964-09-01,-7.34536541324839e-22,12.8425537109375
1964-10-01,0.398814678192139,6.21328125000002
1964-11-01,0.450415769591928,3.25539550781252
1964-12-01,14.5876184105873,-2.63547363281248
1965-01-01,21.4593261480331,-1.30893554687498
1965-02-01,75.4174441099167,-4.59873046874998
1965-03-01,79.1061818599701,-0.484594726562477
1965-04-01,0.0715106725692749,5.63991699218752
1965-05-01,0.000381260178983212,9.88686523437502
1965-06-01,-7.34536492021033e-22,14.4726806640625
1965-07-01,-7.34536492021033e-22,14.63125
1965-08-01,-7.34536492021033e-22,14.0984130859375
1965-09-01,-7.34536492021033e-22,11.6948486328125
1965-10-01,-7.34536541324839e-22,6.68715820312502
1965-11-01,9.39506664872169,-0.813085937499977
1965-12-01,22.910563275218,0.293725585937523
1966-01-01,11.7104835808277,-6.19455566406248
1966-02-01,1.8965860363096,3.52700195312502
1966-03-01,3.29738273285329,1.49758300781252
1966-04-01,0.565710477530956,8.24990234375002
1966-05-01,-7.34536541324839e-22,11.6721435546875
1966-06-01,-7.34536541324839e-22,15.704248046875
1966-07-01,-7.34536492021033e-22,14.931298828125
1966-08-01,-7.34536492021033e-22,14.6494384765625
1966-09-01,-7.34536492021033e-22,12.0808349609375
1966-10-01,0.0133512075990438,10.3275390625
1966-11-01,9.3173561617732,0.133813476562523
1966-12-01,37.0096005499363,-0.895727539062477
1967-01-01,47.7993227541447,-2.70126953124998
1967-02-01,5.91030204668641,0.221582031250023
1967-03-01,2.71102809347212,3.49562988281252
1967-04-01,0.570297241210938,5.35122070312502
1967-05-01,0.00066729262471199,11.5620361328125
1967-06-01,-7.34536492021033e-22,13.7038818359375
1967-07-01,-7.34536492021033e-22,17.8806396484375
1967-08-01,-7.34536492021033e-22,15.5090576171875
1967-09-01,-7.34536492021033e-22,12.7275634765625
1967-10-01,-7.34536541324839e-22,10.458154296875
1967-11-01,0.633334740996361,2.22170410156252
1967-12-01,33.981092274189,-2.65207519531248
1968-01-01,42.1201214194298,-4.49997558593748
1968-02-01,33.3130620419979,-1.79538574218748
1968-03-01,27.7978535741568,1.84707031250002
1968-04-01,0.362109392881393,7.24514160156252
1968-05-01,-7.34536541324839e-22,10.038720703125
1968-06-01,-7.34536492021033e-22,14.7990966796875
1968-07-01,-7.34536492021033e-22,15.3723388671875
1968-08-01,-7.34536492021033e-22,15.254541015625
1968-09-01,-7.34536492021033e-22,12.022607421875
1968-10-01,-7.34536541324839e-22,8.67434082031252
1968-11-01,2.32416181825101,2.06594238281252
1968-12-01,6.45434949547052,-3.50644531249998
1969-01-01,41.5757559239864,-2.44724121093748
1969-02-01,30.6207351386547,-4.46652832031248
1969-03-01,17.9788768291473,-1.06369628906248
1969-04-01,1.42389093525708,5.44387207031252
1969-05-01,-7.34536541324839e-22,12.4394775390625
1969-06-01,-7.34536492021033e-22,13.630517578125
1969-07-01,-7.34536492021033e-22,17.4941650390625
1969-08-01,-7.34536492021033e-22,15.5114990234375
1969-09-01,-7.34536492021033e-22,12.60048828125
1969-10-01,0.000571890268474817,8.74196777343752
1969-11-01,4.24682628363371,3.33132324218752
1969-12-01,42.8709760308266,-7.43051757812498
1970-01-01,75.0299394130707,-5.12802734374998
1970-02-01,114.890396595001,-2.86850585937498
1970-03-01,162.358328700066,-1.01389160156248
1970-04-01,58.763787150383,3.41750488281252
1970-05-01,0.747863203287125,9.48549804687502
1970-06-01,-7.34536492021033e-22,15.5632568359375
1970-07-01,-7.34536492021033e-22,15.269677734375
1970-08-01,-7.34536492021033e-22,15.5013671875
1970-09-01,-7.34536492021033e-22,12.2312255859375
1970-10-01,0.436577713117003,7.18337402343752
1970-11-01,0.0942209735512733,4.21059570312502
1970-12-01,6.08834810554981,-1.74362792968748
1971-01-01,22.6015970110893,-4.04904785156248
1971-02-01,6.03474304080009,-0.837133789062477
1971-03-01,15.6134068965912,-1.38535156249998
1971-04-01,0.0897357240319252,7.60305175781252
1971-05-01,0.0110619002953172,12.7036376953125
1971-06-01,-7.34536492021033e-22,12.9687744140625
1971-07-01,-7.34536492021033e-22,17.1634765625
1971-08-01,-7.34536492021033e-22,18.0970703125
1971-09-01,-7.34536541324839e-22,10.8314453125
1971-10-01,0.347503926604986,7.22585449218752
1971-11-01,10.4956217110157,1.41018066406252
1971-12-01,6.61208480596542,1.30874023437502
1972-01-01,9.13595966994762,-4.71408691406248
1972-02-01,8.69647040963173,-0.389624023437477
1972-03-01,0.671484915073961,4.05166015625002
1972-04-01,0.110718072392046,5.90175781250002
1972-05-01,0.00114430804387666,10.169580078125
1972-06-01,-7.34536492021033e-22,13.863916015625
1972-07-01,-7.34536492021033e-22,16.75869140625
1972-08-01,-7.34536492021033e-22,14.9353271484375
1972-09-01,-7.34536541324839e-22,10.0141845703125
1972-10-01,0.6718480726704,4.88466796875002
1972-11-01,6.02766033262014,2.23879394531252
1972-12-01,1.0868621757254,-1.08432617187498
1973-01-01,5.49059640616179,-1.93076171874998
1973-02-01,18.5644924640656,-2.09262695312498
1973-03-01,16.8778952211142,1.72426757812502
1973-04-01,7.97045510262251,3.31911621093752
1973-05-01,-7.34536541324839e-22,11.29189453125
1973-06-01,-7.34536492021033e-22,14.409814453125
1973-07-01,-7.34536492021033e-22,15.750390625
1973-08-01,-7.34536492021033e-22,16.799951171875
1973-09-01,-7.34536492021033e-22,13.6406494140625
1973-10-01,0.389464665204287,5.77102050781252
1973-11-01,3.64906387403607,0.814843750000023
1973-12-01,32.3889777064323,-3.40585937499998
1974-01-01,26.6301743686199,0.530786132812523
1974-02-01,7.41976778954268,0.989282226562523
1974-03-01,4.06289100646973,4.75222167968752
1974-04-01,0.711425440385938,6.40944824218752
1974-05-01,0.0666593259666115,9.82607421875002
1974-06-01,-7.34536541324839e-22,12.829736328125
1974-07-01,-7.34536492021033e-22,13.9115234375
1974-08-01,-7.34536492021033e-22,16.4701171875
1974-09-01,-7.34536541324839e-22,12.4311767578125
1974-10-01,4.85032424330711,3.40212402343752
1974-11-01,4.11610305309296,2.30996093750002
1974-12-01,10.3875156491995,2.03420410156252
1975-01-01,4.00946289300919,1.56105957031252
1975-02-01,7.14674405753613,-1.09934082031248
1975-03-01,3.34775936789811,2.27980957031252
1975-04-01,2.16423720121384,5.10988769531252
1975-05-01,0.00381407153327018,11.2065673828125
1975-06-01,-7.34536492021033e-22,13.5710693359375
1975-07-01,-7.34536492021033e-22,16.66005859375
1975-08-01,-7.34536492021033e-22,17.0163818359375
1975-09-01,-7.34536492021033e-22,14.942529296875
1975-10-01,0.00257464125752449,6.58522949218752
1975-11-01,7.19799846410751,0.442163085937523
1975-12-01,8.34612082690001,-1.06992187499998
1976-01-01,16.7954750359058,-1.75742187499998
1976-02-01,26.7806351184845,-2.06662597656248
1976-03-01,2.43753893300891,-0.146948242187477
1976-04-01,0.402249395847321,5.50283203125002
1976-05-01,0.0181191717274487,11.6941162109375
1976-06-01,-7.34536492021033e-22,15.6146484375
1976-07-01,-7.34536492021033e-22,18.4837890625
1976-08-01,-7.34536492021033e-22,14.589990234375
1976-09-01,-7.34536492021033e-22,11.5793701171875
1976-10-01,-7.34536541324839e-22,8.38430175781252
1976-11-01,2.89615616202354,2.99794921875002
1976-12-01,14.3785504624248,-3.81760253906248
1977-01-01,32.4926003813744,-2.15451660156248
1977-02-01,3.39294224977493,1.34938964843752
1977-03-01,0.663543643895537,5.11586914062502
1977-04-01,1.9848495721817,4.23269042968752
1977-05-01,-7.34536492021033e-22,10.5417724609375
1977-06-01,-7.34536492021033e-22,14.380517578125
1977-07-01,-7.34536492021033e-22,15.2695556640625
1977-08-01,-7.34536492021033e-22,14.9909912109375
1977-09-01,-7.34536541324839e-22,10.4265380859375
1977-10-01,-7.34536541324839e-22,8.71987304687502
1977-11-01,8.56399349868298,2.77578125000002
1977-12-01,18.696179613471,-1.02426757812498
1978-01-01,39.4960716366768,-2.09519042968748
1978-02-01,70.2433511614799,-4.01145019531248
1978-03-01,8.30177776515484,2.70839843750002
1978-04-01,0.0699982047080994,5.58815917968752
1978-05-01,0.0726676662452519,9.93557128906252
1978-06-01,-7.34536492021033e-22,13.3554931640625
1978-07-01,-7.34536492021033e-22,14.3491455078125
1978-08-01,-7.34536492021033e-22,13.894189453125
1978-09-01,-7.34536492021033e-22,10.6860595703125
1978-10-01,0.00152504071593285,7.19033203125002
1978-11-01,0.713626621291041,2.04934082031252
1978-12-01,4.38690278679132,-0.767431640624977
1979-01-01,27.486439794302,-6.95627441406248
1979-02-01,55.4392598569393,-2.88596191406248
1979-03-01,15.8589743077755,2.24428710937502
1979-04-01,2.93232128024101,4.75869140625002
1979-05-01,0.0641811639070511,10.96865234375
1979-06-01,-7.34536492021033e-22,16.3376708984375
1979-07-01,-7.34536492021033e-22,14.047265625
1979-08-01,-7.34536492021033e-22,14.870263671875
1979-09-01,-7.34536541324839e-22,11.95400390625
1979-10-01,-7.34536541324839e-22,6.89907226562502
1979-11-01,6.79187662899494,1.76552734375002
1979-12-01,5.34192658960819,1.92873535156252
1980-01-01,42.0644357800484,-5.40048828124998
1980-02-01,12.6576609909534,0.789575195312523
1980-03-01,3.53141897358,2.03994140625002
1980-04-01,7.55958398804069,3.88112792968752
1980-05-01,0.0399557175114751,8.81997070312502
1980-06-01,-7.34536492021033e-22,13.68642578125
1980-07-01,-7.34536492021033e-22,13.677392578125
1980-08-01,-7.34536492021033e-22,15.5068603515625
1980-09-01,-7.34536492021033e-22,12.812890625
1980-10-01,0.0613202573731542,6.71315917968752
1980-11-01,3.16795147955418,0.962548828125023
1980-12-01,11.662776581943,-1.82968749999998
1981-01-01,47.4099591374397,-4.87717285156248
1981-02-01,69.2207217216492,-2.71835937499998
1981-03-01,17.5356045365334,5.23891601562502
1981-04-01,1.24270748347044,6.38088378906252
1981-05-01,0.0594112061662599,11.6947265625
1981-06-01,-7.34536492021033e-22,14.5144287109375
1981-07-01,-7.34536492021033e-22,15.220361328125
1981-08-01,-7.34536492021033e-22,15.391748046875
1981-09-01,-7.34536492021033e-22,13.1594482421875
1981-10-01,0.538618769496679,7.37819824218752
1981-11-01,5.54549880325794,2.50917968750002
1981-12-01,97.5135266780853,-4.65952148437498
1982-01-01,76.855406165123,-5.24838867187498
1982-02-01,52.371509373188,-2.51962890624998
1982-03-01,4.61864424869418,2.81081542968752
1982-04-01,1.35085731744766,4.37526855468752
1982-05-01,0.129125081002712,11.2939697265625
1982-06-01,-7.34536492021033e-22,15.4623046875
1982-07-01,-7.34536492021033e-22,17.931298828125
1982-08-01,-7.34536492021033e-22,16.567529296875
1982-09-01,-7.34536492021033e-22,15.68447265625
1982-10-01,0.0168798469530884,8.47377929687502
1982-11-01,0.541967805474997,4.07387695312502
1982-12-01,6.22129114344716,0.684106445312523
1983-01-01,6.55761640518904,1.37563476562502
1983-02-01,28.2154120504856,-4.92221679687498
1983-03-01,4.16584406048059,2.74916992187502
1983-04-01,0.508872093632817,7.66713867187502
1983-05-01,-7.34536541324839e-22,10.691552734375
1983-06-01,-7.34536492021033e-22,15.0730224609375
1983-07-01,-7.34536492021033e-22,19.47255859375
1983-08-01,-7.34536492021033e-22,16.8442626953125
1983-09-01,-7.34536492021033e-22,12.888818359375
1983-10-01,0.00095367431640625,7.77224121093752
1983-11-01,1.97111046873033,1.55886230468752
1983-12-01,8.19526612758636,-2.11166992187498
1984-01-01,19.8779609054327,-1.60727539062498
1984-02-01,46.9608530402184,-3.32370605468748
1984-03-01,32.2138257324696,0.0415283203125227
1984-04-01,2.10195477120578,4.99636230468752
1984-05-01,0.0115386792458594,9.71621093750002
1984-06-01,-7.34536492021033e-22,12.63466796875
1984-07-01,-7.34536492021033e-22,14.341455078125
1984-08-01,-7.34536492021033e-22,15.9599853515625
1984-09-01,-7.34536492021033e-22,11.156640625
1984-10-01,-7.34536492021033e-22,9.04726562500002
1984-11-01,0.212657614611089,3.09865722656252
1984-12-01,3.72497760690749,-0.724096679687477
1985-01-01,21.7179358005524,-7.58115234374998
1985-02-01,14.1344331204891,-6.38937988281248
1985-03-01,5.78047148883343,1.54519042968752
1985-04-01,0.994372647255659,6.19594726562502
1985-05-01,0.311458017677069,12.469384765625
1985-06-01,-7.34536492021033e-22,12.2605224609375
1985-07-01,-7.34536492021033e-22,16.610498046875
1985-08-01,-7.34536492021033e-22,15.9101806640625
1985-09-01,-7.34536492021033e-22,12.51796875
1985-10-01,0.00791540151112713,7.78225097656252
1985-11-01,7.92518258094788,-0.792211914062477
1985-12-01,5.32048847526312,1.44790039062502
1986-01-01,38.6131964623928,-2.49606933593748
1986-02-01,54.0324784815311,-8.50729980468748
1986-03-01,20.4393994063139,1.70681152343752
1986-04-01,1.38015288393945,6.22756347656252
1986-05-01,-7.34536492021033e-22,13.6950927734375
1986-06-01,-7.34536541324839e-22,14.3664794921875
1986-07-01,-7.34536492021033e-22,15.79970703125
1986-08-01,-7.34536492021033e-22,15.968408203125
1986-09-01,-7.34536492021033e-22,10.5027099609375
1986-10-01,-7.34536541324839e-22,8.15273437500002
1986-11-01,0.00801030546426773,3.52346191406252
1986-12-01,10.7991890981793,-0.466894531249977
1987-01-01,44.6453355252743,-7.90878906249998
1987-02-01,58.3962313830853,-2.69443359374998
1987-03-01,62.2985251247883,-3.96921386718748
1987-04-01,0.696092844009399,7.50344238281252
1987-05-01,0.142572360346094,8.84584960937502
1987-06-01,-7.34536492021033e-22,13.337548828125
1987-07-01,-7.34536492021033e-22,16.057763671875
1987-08-01,-7.34536492021033e-22,14.2068115234375
1987-09-01,-7.34536492021033e-22,13.887109375
1987-10-01,-7.34536492021033e-22,8.04335937500002
1987-11-01,0.530417310073972,3.12099609375002
1987-12-01,1.49217061698437,0.0744873046875227
1988-01-01,3.25158098712564,1.06728515625002
1988-02-01,23.5568508505821,-0.292578124999977
1988-03-01,74.9386921525002,0.0642333984375227
1988-04-01,0.701695680618286,6.72072753906252
1988-05-01,-7.34536541324839e-22,13.1531005859375
1988-06-01,-7.34536492021033e-22,13.9497314453125
1988-07-01,-7.34536492021033e-22,16.377099609375
1988-08-01,-7.34536492021033e-22,16.535791015625
1988-09-01,-7.34536492021033e-22,12.2134033203125
1988-10-01,0.0157344038598239,9.16762695312502
1988-11-01,5.54397748783231,0.394921875000023
1988-12-01,11.2049598246813,0.653466796875023
1989-01-01,2.28804256767035,0.429467773437523
1989-02-01,1.58201577141881,1.69875488281252
1989-03-01,0.806987285614014,5.29396972656252
1989-04-01,0.547017261851579,6.96987304687502
1989-05-01,0.0452976673841476,12.304345703125
1989-06-01,-7.34536492021033e-22,13.9828125
1989-07-01,-7.34536492021033e-22,16.5949951171875
1989-08-01,-7.34536492021033e-22,16.053369140625
1989-09-01,-7.34536492021033e-22,13.5320068359375
1989-10-01,-7.34536541324839e-22,8.90383300781252
1989-11-01,3.18347103893757,0.679956054687523
1989-12-01,6.73342728987336,0.197045898437523
1990-01-01,3.18506499752402,-0.194677734374977
1990-02-01,7.50184897333384,3.07326660156252
1990-03-01,3.21500306017697,5.09121093750002
1990-04-01,0.204747542738914,5.82778320312502
1990-05-01,-7.34536541324839e-22,12.7727294921875
1990-06-01,-7.34536492021033e-22,14.4824462890625
1990-07-01,-7.34536492021033e-22,15.4668212890625
1990-08-01,-7.34536492021033e-22,17.65419921875
1990-09-01,-7.34536492021033e-22,10.6107421875
1990-10-01,0.0339490798069164,8.32924804687502
1990-11-01,2.34650168567896,2.87490234375002
1990-12-01,21.4689057320356,-2.23544921874998
1991-01-01,1.55903422273695,0.00405273437502274
1991-02-01,12.1599771082401,-4.73166503906248
1991-03-01,0.455558358225971,4.70144042968752
1991-04-01,0.496744643896818,5.37368164062502
1991-05-01,0.00677001662552357,8.01308593750002
1991-06-01,-7.34536492021033e-22,12.722802734375
1991-07-01,-7.34536492021033e-22,18.01845703125
1991-08-01,-7.34536492021033e-22,16.6794677734375
1991-09-01,-7.34536492021033e-22,14.0434814453125
1991-10-01,0.054163858294487,6.83278808593752
1991-11-01,2.09374353289604,2.29580078125002
1991-12-01,8.81663896143436,-1.71982421874998
1992-01-01,9.81854554265738,-1.08151855468748
1992-02-01,6.19683228433132,0.951074218750023
1992-03-01,4.28657233715057,2.80080566406252
1992-04-01,0.384695827960968,6.06643066406252
1992-05-01,-7.34536541324839e-22,12.9177490234375
1992-06-01,-7.34536492021033e-22,15.9067626953125
1992-07-01,-7.34536492021033e-22,17.5588623046875
1992-08-01,-7.34536492021033e-22,19.074853515625
1992-09-01,-7.34536492021033e-22,12.3550048828125
1992-10-01,0.267212744802237,5.80727539062502
1992-11-01,1.95014243945479,3.50759277343752
1992-12-01,7.6533411629498,-1.34592285156248
1993-01-01,5.96857583150268,-0.394506835937477
1993-02-01,27.9853511601686,-3.96933593749998
1993-03-01,17.8138911724091,1.21499023437502
1993-04-01,0.0922149047255516,8.57497558593752
1993-05-01,-7.34536492021033e-22,13.96279296875
1993-06-01,-7.34536492021033e-22,14.5075927734375
1993-07-01,-7.34536492021033e-22,14.997216796875
1993-08-01,-7.34536492021033e-22,15.32314453125
1993-09-01,-7.34536492021033e-22,11.59755859375
1993-10-01,0.000953150447458029,6.79970703125002
1993-11-01,5.32178254798055,-1.39475097656248
1993-12-01,11.1767537891865,0.973413085937523
1994-01-01,2.8386409394443,0.927880859375023
1994-02-01,11.8243638426065,-2.47165527343748
1994-03-01,0.840924680233002,4.68129882812502
1994-04-01,0.682630576193333,6.34072265625002
1994-05-01,-7.34536541324839e-22,11.478662109375
1994-06-01,-7.34536492021033e-22,15.0178466796875
1994-07-01,-7.34536492021033e-22,20.3626953125
1994-08-01,-7.34536492021033e-22,17.1596923828125
1994-09-01,-7.34536492021033e-22,12.5244384765625
1994-10-01,0.0513020204380155,6.23159179687502
1994-11-01,0.0945071806199849,5.37783203125002
1994-12-01,2.57411366328597,1.48269042968752
1995-01-01,20.9113676100969,-2.99558105468748
1995-02-01,2.41001276299357,2.40957031250002
1995-03-01,3.78699600696564,1.56362304687502
1995-04-01,1.04348675813526,7.25222167968752
1995-05-01,-7.34536541324839e-22,11.0674072265625
1995-06-01,-7.34536492021033e-22,12.777734375
1995-07-01,-7.34536492021033e-22,18.9369140625
1995-08-01,-7.34536492021033e-22,16.6799560546875
1995-09-01,-7.34536541324839e-22,11.3037353515625
1995-10-01,-7.34536541324839e-22,10.2875
1995-11-01,7.47918710112572,0.0689941406250227
1995-12-01,11.0892727971077,-3.57028808593748
1996-01-01,8.12424439936876,-5.39072265624998
1996-02-01,22.7387025952339,-4.61520996093748
1996-03-01,18.0895403027534,-1.32443847656248
1996-04-01,2.1683603990823,6.10720214843752
1996-05-01,0.00019063236322836,10.2458740234375
1996-06-01,-7.34536492021033e-22,14.56484375
1996-07-01,-7.34536492021033e-22,14.1625
1996-08-01,-7.34536492021033e-22,15.5703369140625
1996-09-01,-7.34536541324839e-22,9.16005859375002
1996-10-01,-7.34536541324839e-22,8.07656250000002
1996-11-01,2.26982403546572,3.29079589843752
1996-12-01,21.392373368144,-5.65830078124998
1997-01-01,28.7314560264349,-4.65793457031248
1997-02-01,14.4531037658453,1.48842773437502
1997-03-01,1.12320575863123,4.29396972656252
1997-04-01,1.467191032134,4.30471191406252
1997-05-01,0.012587770470418,11.802392578125
1997-06-01,-7.34536541324839e-22,14.53994140625
1997-07-01,-7.34536492021033e-22,15.42958984375
1997-08-01,-7.34536492021033e-22,17.805810546875
1997-09-01,-7.34536492021033e-22,12.636865234375
1997-10-01,0.317848898703232,5.90993652343752
1997-11-01,0.194349864614196,2.40090332031252
1997-12-01,5.4513830691576,0.0991455078125227
1998-01-01,6.59088650718331,-0.321264648437477
1998-02-01,6.58404920250177,1.14296875000002
1998-03-01,2.75225029326975,2.80751953125002
1998-04-01,0.00839191488921642,7.89162597656252
1998-05-01,-7.34536541324839e-22,12.54091796875
1998-06-01,-7.34536541324839e-22,15.5200439453125
1998-07-01,-7.34536492021033e-22,15.07998046875
1998-08-01,-7.34536492021033e-22,15.8158203125
1998-09-01,-7.34536492021033e-22,11.7302490234375
1998-10-01,0.0286090071313083,7.49758300781252
1998-11-01,7.77166150510311,-0.0997070312499773
1998-12-01,12.9690431058407,-1.74045410156248
1999-01-01,7.88731593638659,-0.0800537109374773
1999-02-01,36.2191945314407,-2.36142578124998
1999-03-01,3.68025270290673,3.68679199218752
1999-04-01,0.740226358175278,7.38515625000002
1999-05-01,-7.34536492021033e-22,12.5656982421875
1999-06-01,-7.34536492021033e-22,13.763330078125
1999-07-01,-7.34536492021033e-22,17.420556640625
1999-08-01,-7.34536492021033e-22,15.861474609375
1999-09-01,-7.34536492021033e-22,15.7541748046875
1999-10-01,-7.34536541324839e-22,7.32070312500002
1999-11-01,2.85565131343901,1.42165527343752
1999-12-01,15.4204610735178,-0.479833984374977
2000-01-01,38.5870784521103,-2.04697265624998
2000-02-01,7.07054790109396,1.50466308593752
2000-03-01,2.78645870275795,3.09963378906252
2000-04-01,0.017259269952774,8.88027343750002
2000-05-01,-7.34536492021033e-22,13.734765625
2000-06-01,-7.34536492021033e-22,16.1703125
2000-07-01,-7.34536492021033e-22,14.0884033203125
2000-08-01,-7.34536492021033e-22,17.000634765625
2000-09-01,-7.34536492021033e-22,12.5830322265625
2000-10-01,-7.34536541324839e-22,9.51638183593752
2000-11-01,0.0519771710969508,4.30715332031252
2000-12-01,3.0178630258888,0.941674804687523
2001-01-01,6.41536340117455,-2.00449218749998
2001-02-01,6.66090752929449,0.157739257812523
2001-03-01,4.49063070118427,2.87124023437502
2001-04-01,1.32177327759564,5.68239746093752
2001-05-01,-7.34536541324839e-22,13.0259033203125
2001-06-01,-7.34536492021033e-22,13.0017333984375
2001-07-01,-7.34536492021033e-22,16.7715087890625
2001-08-01,-7.34536492021033e-22,17.5691162109375
2001-09-01,-7.34536492021033e-22,10.1743408203125
2001-10-01,-7.34536492021033e-22,11.1960693359375
2001-11-01,4.44616423919797,1.61245117187502
2001-12-01,19.5311307907104,-2.98996582031248
2002-01-01,56.7433722317219,-2.16062011718748
2002-02-01,5.30488975346088,2.73732910156252
2002-03-01,1.49082019925117,3.61171875000002
2002-04-01,0.0184048567462014,6.37355957031252
2002-05-01,-7.27919033709973e-22,13.1103759765625
2002-06-01,-7.27919033709973e-22,16.2826171875
2002-07-01,-7.27919033709973e-22,16.8109375
2002-08-01,-7.27919033709973e-22,17.7458740234375
2002-09-01,0.00371906207874417,11.6986328125
2002-10-01,0.00924989581108093,6.82009277343752
2002-11-01,1.00476667284966,4.05019531250002
2002-12-01,1.72762083820999,-1.30014648437498
2003-01-01,8.01092106848955,-2.32370605468748
2003-02-01,29.0903616696596,-4.79575195312498
2003-03-01,1.55145605094731,3.44753417968752
2003-04-01,1.00152683444321,6.54738769531252
2003-05-01,-7.2791908301378e-22,13.504296875
2003-06-01,-7.27919033709973e-22,18.76162109375
2003-07-01,-7.27919033709973e-22,17.818505859375
2003-08-01,-7.30240503442619e-22,20.3020263671875
2003-09-01,-7.34536492021033e-22,13.268701171875
2003-10-01,1.02497800253332,4.50930175781252
2003-11-01,0.0790547055657953,3.93117675781252
2003-12-01,4.52847266569734,-0.445776367187477
2004-01-01,23.4717391431332,-3.14621582031248
2004-02-01,11.9712678715587,0.408349609375023
2004-03-01,10.0924801081419,1.96877441406252
2004-04-01,0.158404000103474,7.94411621093752
2004-05-01,0.0319476675940678,10.084130859375
2004-06-01,-7.27919033709973e-22,14.23037109375
2004-07-01,-7.30605203699864e-22,16.0085693359375
2004-08-01,-7.34536492021033e-22,17.344873046875
2004-09-01,-7.34536492021033e-22,12.5876708984375
2004-10-01,-7.34536541324839e-22,8.69692382812502
2004-11-01,5.44315436854959,2.49575195312502
2004-12-01,6.63828570395708,-1.17819824218748
2005-01-01,10.1758278906345,-0.717504882812477
2005-02-01,42.7302196621895,-4.00900878906248
2005-03-01,29.8084635287523,1.15822753906252
2005-04-01,0.0153537839651108,8.03762207031252
2005-05-01,0.00591226853430271,11.9056640625
2005-06-01,-7.34536492021033e-22,15.307275390625
2005-07-01,-7.34536492021033e-22,17.2202392578125
2005-08-01,-7.34536492021033e-22,14.8491455078125
2005-09-01,-7.34536492021033e-22,13.8066650390625
2005-10-01,-7.34536541324839e-22,9.46682128906252
2005-11-01,8.53235460817814,1.88894042968752
2005-12-01,28.7928432226181,-1.50791015624998
2006-01-01,47.8655844926834,-5.53793945312498
2006-02-01,76.8360942602158,-2.84995117187498
2006-03-01,76.9215747714043,-0.115332031249977
2006-04-01,0.32004714012146,6.87416992187502
2006-05-01,0.0401477591367438,11.6946044921875
2006-06-01,-7.34536541324839e-22,15.789697265625
2006-07-01,-7.34536492021033e-22,20.9226318359375
2006-08-01,-7.34536492021033e-22,14.2407470703125
2006-09-01,-7.34536492021033e-22,15.348779296875
2006-10-01,-7.34536541324839e-22,10.4050537109375
2006-11-01,0.3845130559057,4.78237304687502
2006-12-01,1.13646208774298,2.32192382812502
2007-01-01,5.07109984755516,2.34645996093752
2007-02-01,3.98279866203666,2.58083496093752
2007-03-01,1.4266719808802,4.46706542968752
2007-04-01,0.00362406717613339,10.0044189453125
2007-05-01,-7.34536492021033e-22,13.5307861328125
2007-06-01,-7.34536492021033e-22,16.6333251953125
2007-07-01,-7.34536492021033e-22,16.44521484375
2007-08-01,-7.34536492021033e-22,16.130029296875
2007-09-01,-7.34536541324839e-22,10.9740234375
2007-10-01,0.386502593755722,7.01210937500002
2007-11-01,18.3434672653675,0.616601562500023
2007-12-01,3.16908746026456,-0.432104492187477
2008-01-01,3.58202285133302,1.24624023437502
2008-02-01,1.07277370989323,2.10219726562502
2008-03-01,5.79791935160756,2.22194824218752
2008-04-01,0.33949501812458,6.57778320312502
2008-05-01,-7.34536492021033e-22,13.1086669921875
2008-06-01,-7.34536492021033e-22,16.28310546875
2008-07-01,-7.34536492021033e-22,16.855859375
2008-08-01,-7.34536492021033e-22,16.3879638671875
2008-09-01,-7.34536492021033e-22,11.2756591796875
2008-10-01,0.396821298636496,7.64931640625002
2008-11-01,4.42222086712718,3.41518554687502
2008-12-01,17.1322915703058,-0.755102539062477
2009-01-01,13.0924340337515,-4.86105957031248
2009-02-01,30.3550828248262,-2.02683105468748
2009-03-01,7.97255430370569,1.99929199218752
2009-04-01,0.00667572021484375,10.9511962890625
2009-05-01,-7.34536492021033e-22,12.71865234375
2009-06-01,-7.34536492021033e-22,13.67666015625
2009-07-01,-7.34536492021033e-22,16.7466064453125
2009-08-01,-7.34536492021033e-22,17.7474609375
2009-09-01,-7.34536492021033e-22,14.1047607421875
2009-10-01,1.23839173465967,6.66542968750002
2009-11-01,0.00095367431640625,5.31789550781252
2009-12-01,4.22415416687727,-1.36313476562498
2010-01-01,33.6562134325504,-5.80075683593748
2010-02-01,79.0949538350105,-2.87131347656248
2010-03-01,26.8458798527718,0.762475585937523
2010-04-01,0.186248682439327,7.13527832031252
2010-05-01,-7.34536541324839e-22,10.0951171875
2010-06-01,-7.34536492021033e-22,15.4740234375
2010-07-01,-7.34536492021033e-22,19.507958984375
2010-08-01,-7.34536492021033e-22,15.712548828125
2010-09-01,-7.34536492021033e-22,10.8767333984375
2010-10-01,0.0338542740792036,6.24672851562502
2010-11-01,5.28768682852387,3.24721679687502
2010-12-01,82.9274654388428,-5.84311523437498
2011-01-01,66.9636726379395,-1.32663574218748
2011-02-01,12.0162973180413,-1.99143066406248
2011-03-01,0.717128335963935,3.55471191406252
2011-04-01,0.011061376426369,9.98732910156252
2011-05-01,0.000571948476135731,13.23525390625
2011-06-01,-7.34536492021033e-22,16.029443359375
2011-07-01,-7.34536492021033e-22,15.0449462890625
2011-08-01,-7.34536492021033e-22,17.1423583984375
2011-09-01,-7.34536492021033e-22,14.59365234375
2011-10-01,-7.34536541324839e-22,7.84401855468752
2011-11-01,0.0352855422534049,2.96248779296877
2011-12-01,8.82973428815603,1.43459472656252
2012-01-01,17.7184920758009,-0.464697265624977
2012-02-01,26.9665345549583,-5.43063964843748
2012-03-01,0.366851687431335,4.98305664062502
2012-04-01,0.131790991872549,7.16787109375002
2012-05-01,-7.34536541324839e-22,13.79287109375
2012-06-01,-7.34536492021033e-22,15.5615478515625
2012-07-01,-7.34536492021033e-22,16.990869140625
2012-08-01,-7.34536492021033e-22,17.98427734375
2012-09-01,-7.34536492021033e-22,13.2766357421875
2012-10-01,2.56035942584276,7.17519531250002
2012-11-01,1.99076277203858,3.60866699218752
2012-12-01,33.015102148056,-0.972021484374977
2013-01-01,7.64075107872486,-1.61606445312498
2013-02-01,18.8768766820431,-2.80905761718748
2013-03-01,10.0801037624478,-1.77084960937498
2013-04-01,2.04549264162779,6.70974121093752
2013-05-01,0.00143019133247435,10.58583984375
2013-06-01,-7.34536541324839e-22,14.6003662109375
2013-07-01,-7.34536492021033e-22,18.762841796875
2013-08-01,-7.34536492021033e-22,17.33095703125
2013-09-01,-7.34536492021033e-22,11.7708984375
2013-10-01,-7.34536541324839e-22,8.62673339843752
2013-11-01,0.690921384375542,2.99013671875002
2013-12-01,4.60032839328051,1.34841308593752
2014-01-01,4.47376677766442,0.761987304687523
2014-02-01,3.51274944841862,1.65322265625002
2014-03-01,0.0585541129112244,5.54750976562502
2014-04-01,0.0671347079332918,9.93081054687502
2014-05-01,-7.34536541324839e-22,11.1157470703125
2014-06-01,-7.34536492021033e-22,15.2116943359375
2014-07-01,-7.34536492021033e-22,18.0638671875
2014-08-01,-7.34536492021033e-22,15.243310546875
2014-09-01,-7.34536492021033e-22,13.804345703125
2014-10-01,0.00171671854332089,10.56240234375
2014-11-01,0.00305124558508396,5.31044921875002
2014-12-01,2.56298063322902,1.16811523437502
2015-01-01,13.1560489535332,0.235131835937523
2015-02-01,21.0600197315216,-1.81821289062498
2015-03-01,1.43124163150787,3.58828125000002
2015-04-01,2.60232761502266,6.77626953125002
2015-05-01,0.00371892565453891,11.8471923828125
2015-06-01,-7.34536492021033e-22,14.9912353515625
2015-07-01,-7.34536492021033e-22,19.262109375
2015-08-01,-7.34536492021033e-22,20.31044921875
2015-09-01,-7.34536492021033e-22,12.146875
2015-10-01,0.62561163213104,7.32766113281252
2015-11-01,1.56575255095959,5.55910644531252
2015-12-01,0.0692352186888456,4.57753906250002
2016-01-01,12.9476329311728,-1.19089355468748
2016-02-01,3.18038486875594,1.79079589843752
2016-03-01,3.8690771907568,2.31630859375002
2016-04-01,0.437446869909763,6.91127929687502
2016-05-01,0.00867832568474114,12.50185546875
2016-06-01,-7.34536492021033e-22,16.0132080078125
2016-07-01,-7.34536492021033e-22,17.6150146484375
2016-08-01,-7.34536492021033e-22,16.5100341796875
2016-09-01,-7.34536492021033e-22,15.959619140625
2016-10-01,0.00114430440589786,7.47878417968752
2016-11-01,1.90142169594765,2.04580078125002
2016-12-01,1.17927836254239,-0.231787109374977
2017-01-01,33.4162935614586,-6.15549316406248
2017-02-01,23.9075310528278,0.710473632812523
2017-03-01,0.520970672369003,5.13491210937502
2017-04-01,0.556272163521498,6.09475097656252
2017-05-01,0.00095367431640625,13.0388427734375
2017-06-01,-7.34536492021033e-22,17.220361328125
2017-07-01,-7.34536492021033e-22,17.5005126953125
2017-08-01,-7.34536492021033e-22,17.6560302734375
2017-09-01,-7.34536492021033e-22,11.4199462890625
2017-10-01,0.00114430440589786,9.57460937500002
2017-11-01,3.16810887306929,3.12294921875002
2017-12-01,16.5450293570757,0.0464111328125227
2018-01-01,9.39081516116858,1.68984375000002
2018-02-01,5.63162192702293,-3.66611328124998
2018-03-01,2.70648230798542,0.653710937500023
2018-04-01,0.0151623971760273,11.37783203125
2018-05-01,-7.34536492021033e-22,15.1181884765625
2018-06-01,-7.34536492021033e-22,16.7832275390625
2018-07-01,-7.34536492021033e-22,19.2546630859375
2018-08-01,-7.34536492021033e-22,20.3125244140625
2018-09-01,-7.34536541324839e-22,14.6115966796875
2018-10-01,0.177379057276994,9.81704101562502
2018-11-01,0.584008812438697,3.74770507812502
2018-12-01,4.47288667783141,1.30690917968752
2019-01-01,28.03860232234,-1.91281738281248
2019-02-01,25.6686769425869,0.980859375000023
2019-03-01,1.48235261440277,4.73989257812502
2019-04-01,0.0285129062831402,8.65969238281252
2019-05-01,0.0617944169789553,9.90224609375002
2019-06-01,-7.34536492021033e-22,19.57314453125
2019-07-01,-7.34536492021033e-22,18.87197265625
2019-08-01,-7.34536492021033e-22,18.57021484375
2019-09-01,-7.34536492021033e-22,13.368310546875
2019-10-01,-7.34536541324839e-22,9.79360351562502
2019-11-01,0.176999717950821,4.26735839843752
2019-12-01,1.20666273869574,1.77431640625002
2020-01-01,1.15315825678408,1.04116210937502
2020-02-01,4.31827967986465,3.02285156250002
2020-03-01,0.720870797522366,3.63015136718752
2020-04-01,0.0882123131304979,9.24013671875002
2020-05-01,0.125310209114105,10.768212890625
2020-06-01,-7.34536492021033e-22,15.5295654296875
2020-07-01,-7.34536492021033e-22,17.16982421875
2020-08-01,-7.34536492021033e-22,18.8237548828125
2020-09-01,-7.34536541324839e-22,14.426171875
2020-10-01,-7.34536541324839e-22,8.66347656250002
2020-11-01,0.037383520975709,3.73195800781252
2020-12-01,2.50685377977788,1.10671386718752
2021-01-01,35.5981402099133,-1.62949218749998
2021-02-01,26.367150247097,-1.04062499999998
2021-03-01,1.92598695866764,3.05349121093752
2021-04-01,1.9131371518597,4.35817871093752
2021-05-01,0.0019073486328125,9.51845703125002
2021-06-01,-7.34536492021033e-22,17.96767578125
2021-07-01,-7.34536492021033e-22,17.1546875
2021-08-01,-7.34536492021033e-22,15.2201171875
2021-09-01,-7.34536492021033e-22,14.129541015625
2021-10-01,-7.34536541324839e-22,7.45681152343752
2021-11-01,0.619422760792077,2.80385742187502
2021-12-01,10.2720893919468,0.558129882812523
2022-01-01,12.6456441357732,0.272851562500023
2022-02-01,8.87612067162991,1.93911132812502
2022-03-01,0.699700205586851,2.92592773437502
2022-04-01,2.38284771330655,5.68581542968752
2022-05-01,-7.34536492021033e-22,13.7221923828125
2022-06-01,-7.34536492021033e-22,18.2279296875
2022-07-01,-7.34536492021033e-22,18.527490234375
2022-08-01,-7.34536492021033e-22,19.24208984375
2022-09-01,-7.34536541324839e-22,11.9731689453125
2022-10-01,-7.34536541324839e-22,11.28798828125
2022-11-01,1.42546417191625,4.38051757812502
2022-12-01,6.5878527238965,0.144677734375023
2023-01-01,5.60215814039111,1.50039062500002
2023-02-01,8.4589421749115,0.756250000000023
2023-03-01,2.34084157273173,4.09658203125002
2023-04-01,0.100135570392013,6.02810058593752
2023-05-01,-7.34536492021033e-22,11.9414306640625
2023-06-01,-7.34536492021033e-22,17.2885986328125
2023-07-01,-7.34536492021033e-22,18.975
2023-08-01,-7.34536492021033e-22,17.9736572265625
2023-09-01,-7.34536492021033e-22,16.5393310546875
2023-10-01,-7.34536541324839e-22,10.933740234375
2023-11-01,4.14465554058552,3.71633300781252
2023-12-01,14.7363748401403,1.75295410156252
2024-01-01,3.28900944441557,-0.535620117187477
2024-02-01,0.241175061091781,4.68105468750002
2024-03-01,0.27197488816455,6.23244628906252
2024-04-01,0.921514350920916,9.01149902343752
2024-05-01,-7.34536541324839e-22,13.4499755859375
2024-06-01,-7.34536492021033e-22,16.3698974609375
2024-07-01,-7.34536492021033e-22,18.5453125
2024-08-01,-7.34536492021033e-22,19.8100830078125
